<?xml version="1.0" encoding="UTF-8"?>
<project-private xmlns="http://www.netbeans.org/ns/project-private/1">
    <editor-bookmarks xmlns="http://www.netbeans.org/ns/editor-bookmarks/2" lastBookmarkId="0"/>
    <open-files xmlns="http://www.netbeans.org/ns/projectui-open-files/2">
        <group>
            <file>file:/C:/Users/Asim/Documents/NetBeansProjects/JavaApplication31/src/javaapplication31/JavaApplication31.java</file>
            <file>file:/C:/Users/Asim/Documents/NetBeansProjects/JavaApplication31/src/javaapplication31/CheckClass.java</file>
            <file>file:/C:/Users/Asim/Documents/NetBeansProjects/JavaApplication31/src/javaapplication31/PacketPrinter.java</file>
        </group>
    </open-files>
</project-private>
